{"cameraMode":{"drawMode":0,"name":"Shaded","section":"Shading Mode"},"sceneLighting":true,"audioPlay":false,"sceneViewState":{"m_AlwaysRefresh":false,"showFog":true,"showSkybox":true,"showFlares":true,"showImageEffects":true,"showParticleSystems":true,"showVisualEffectGraphs":true,"m_FxEnabled":true},"in2DMode":false,"pivot":{"x":0.5643253326416016,"y":2.1669042110443117,"z":-2.73258113861084},"rotation":{"x":-0.001419851090759039,"y":0.9031680822372437,"z":-0.0029896190389990808,"w":-0.42928192019462588},"size":8.801140785217286,"orthographic":false}